"Notes","Year","Year Code","Month","Month Code",Deaths,Population,Crude Rate,Age Adjusted Rate
,"2018","2018","Jan., 2018","2018/01",113,Not Applicable,Not Applicable,Not Applicable
,"2018","2018","Feb., 2018","2018/02",116,Not Applicable,Not Applicable,Not Applicable
,"2018","2018","Mar., 2018","2018/03",121,Not Applicable,Not Applicable,Not Applicable
,"2018","2018","Apr., 2018","2018/04",124,Not Applicable,Not Applicable,Not Applicable
,"2018","2018","May, 2018","2018/05",126,Not Applicable,Not Applicable,Not Applicable
,"2018","2018","Jun., 2018","2018/06",136,Not Applicable,Not Applicable,Not Applicable
,"2018","2018","Jul., 2018","2018/07",140,Not Applicable,Not Applicable,Not Applicable
,"2018","2018","Aug., 2018","2018/08",132,Not Applicable,Not Applicable,Not Applicable
,"2018","2018","Sep., 2018","2018/09",136,Not Applicable,Not Applicable,Not Applicable
,"2018","2018","Oct., 2018","2018/10",135,Not Applicable,Not Applicable,Not Applicable
,"2018","2018","Nov., 2018","2018/11",111,Not Applicable,Not Applicable,Not Applicable
,"2018","2018","Dec., 2018","2018/12",108,Not Applicable,Not Applicable,Not Applicable
,"2019","2019","Jan., 2019","2019/01",100,Not Applicable,Not Applicable,Not Applicable
,"2019","2019","Feb., 2019","2019/02",109,Not Applicable,Not Applicable,Not Applicable
,"2019","2019","Mar., 2019","2019/03",131,Not Applicable,Not Applicable,Not Applicable
,"2019","2019","Apr., 2019","2019/04",119,Not Applicable,Not Applicable,Not Applicable
,"2019","2019","May, 2019","2019/05",132,Not Applicable,Not Applicable,Not Applicable
,"2019","2019","Jun., 2019","2019/06",101,Not Applicable,Not Applicable,Not Applicable
,"2019","2019","Jul., 2019","2019/07",143,Not Applicable,Not Applicable,Not Applicable
,"2019","2019","Aug., 2019","2019/08",145,Not Applicable,Not Applicable,Not Applicable
,"2019","2019","Sep., 2019","2019/09",131,Not Applicable,Not Applicable,Not Applicable
,"2019","2019","Oct., 2019","2019/10",125,Not Applicable,Not Applicable,Not Applicable
,"2019","2019","Nov., 2019","2019/11",94,Not Applicable,Not Applicable,Not Applicable
,"2019","2019","Dec., 2019","2019/12",119,Not Applicable,Not Applicable,Not Applicable
,"2020","2020","Jan., 2020","2020/01",118,Not Applicable,Not Applicable,Not Applicable
,"2020","2020","Feb., 2020","2020/02",104,Not Applicable,Not Applicable,Not Applicable
,"2020","2020","Mar., 2020","2020/03",110,Not Applicable,Not Applicable,Not Applicable
,"2020","2020","Apr., 2020","2020/04",110,Not Applicable,Not Applicable,Not Applicable
,"2020","2020","May, 2020","2020/05",131,Not Applicable,Not Applicable,Not Applicable
,"2020","2020","Jun., 2020","2020/06",120,Not Applicable,Not Applicable,Not Applicable
,"2020","2020","Jul., 2020","2020/07",126,Not Applicable,Not Applicable,Not Applicable
,"2020","2020","Aug., 2020","2020/08",124,Not Applicable,Not Applicable,Not Applicable
,"2020","2020","Sep., 2020","2020/09",122,Not Applicable,Not Applicable,Not Applicable
,"2020","2020","Oct., 2020","2020/10",98,Not Applicable,Not Applicable,Not Applicable
,"2020","2020","Nov., 2020","2020/11",106,Not Applicable,Not Applicable,Not Applicable
,"2020","2020","Dec., 2020","2020/12",98,Not Applicable,Not Applicable,Not Applicable
,"2021","2021","Jan., 2021","2021/01",116,Not Applicable,Not Applicable,Not Applicable
,"2021","2021","Feb., 2021","2021/02",108,Not Applicable,Not Applicable,Not Applicable
,"2021","2021","Mar., 2021","2021/03",113,Not Applicable,Not Applicable,Not Applicable
,"2021","2021","Apr., 2021","2021/04",108,Not Applicable,Not Applicable,Not Applicable
,"2021","2021","May, 2021","2021/05",127,Not Applicable,Not Applicable,Not Applicable
,"2021","2021","Jun., 2021","2021/06",137,Not Applicable,Not Applicable,Not Applicable
,"2021","2021","Jul., 2021","2021/07",109,Not Applicable,Not Applicable,Not Applicable
,"2021","2021","Aug., 2021","2021/08",140,Not Applicable,Not Applicable,Not Applicable
,"2021","2021","Sep., 2021","2021/09",128,Not Applicable,Not Applicable,Not Applicable
,"2021","2021","Oct., 2021","2021/10",135,Not Applicable,Not Applicable,Not Applicable
,"2021","2021","Nov., 2021","2021/11",122,Not Applicable,Not Applicable,Not Applicable
,"2021","2021","Dec., 2021","2021/12",120,Not Applicable,Not Applicable,Not Applicable
,"2022","2022","Jan., 2022","2022/01",128,Not Applicable,Not Applicable,Not Applicable
,"2022","2022","Feb., 2022","2022/02",113,Not Applicable,Not Applicable,Not Applicable
,"2022","2022","Mar., 2022","2022/03",130,Not Applicable,Not Applicable,Not Applicable
,"2022","2022","Apr., 2022","2022/04",137,Not Applicable,Not Applicable,Not Applicable
,"2022","2022","May, 2022","2022/05",135,Not Applicable,Not Applicable,Not Applicable
,"2022","2022","Jun., 2022","2022/06",113,Not Applicable,Not Applicable,Not Applicable
,"2022","2022","Jul., 2022","2022/07",138,Not Applicable,Not Applicable,Not Applicable
,"2022","2022","Aug., 2022","2022/08",128,Not Applicable,Not Applicable,Not Applicable
,"2022","2022","Sep., 2022","2022/09",148,Not Applicable,Not Applicable,Not Applicable
,"2022","2022","Oct., 2022","2022/10",116,Not Applicable,Not Applicable,Not Applicable
,"2022","2022","Nov., 2022","2022/11",140,Not Applicable,Not Applicable,Not Applicable
,"2022","2022","Dec., 2022","2022/12",134,Not Applicable,Not Applicable,Not Applicable
,"2023","2023","Jan., 2023","2023/01",154,Not Applicable,Not Applicable,Not Applicable
,"2023","2023","Feb., 2023","2023/02",118,Not Applicable,Not Applicable,Not Applicable
,"2023","2023","Mar., 2023","2023/03",125,Not Applicable,Not Applicable,Not Applicable
,"2023","2023","Apr., 2023","2023/04",140,Not Applicable,Not Applicable,Not Applicable
,"2023","2023","May, 2023","2023/05",150,Not Applicable,Not Applicable,Not Applicable
,"2023","2023","Jun., 2023","2023/06",132,Not Applicable,Not Applicable,Not Applicable
,"2023","2023","Jul., 2023","2023/07",141,Not Applicable,Not Applicable,Not Applicable
,"2023","2023","Aug., 2023","2023/08",156,Not Applicable,Not Applicable,Not Applicable
,"2023","2023","Sep., 2023","2023/09",134,Not Applicable,Not Applicable,Not Applicable
,"2023","2023","Oct., 2023","2023/10",114,Not Applicable,Not Applicable,Not Applicable
,"2023","2023","Nov., 2023","2023/11",118,Not Applicable,Not Applicable,Not Applicable
,"2023","2023","Dec., 2023","2023/12",115,Not Applicable,Not Applicable,Not Applicable
,"2024 (provisional)","2024","Jan., 2024 (provisional)","2024/01",123,Not Applicable,Not Applicable,Not Applicable
,"2024 (provisional)","2024","Feb., 2024 (provisional)","2024/02",110,Not Applicable,Not Applicable,Not Applicable
,"2024 (provisional)","2024","Mar., 2024 (provisional)","2024/03",129,Not Applicable,Not Applicable,Not Applicable
,"2024 (provisional)","2024","Apr., 2024 (provisional)","2024/04",106,Not Applicable,Not Applicable,Not Applicable
,"2024 (provisional)","2024","May, 2024 (provisional)","2024/05",148,Not Applicable,Not Applicable,Not Applicable
,"2024 (provisional)","2024","Jun., 2024 (provisional)","2024/06",123,Not Applicable,Not Applicable,Not Applicable
,"2024 (provisional)","2024","Jul., 2024 (provisional)","2024/07",121,Not Applicable,Not Applicable,Not Applicable
,"2024 (provisional)","2024","Aug., 2024 (provisional)","2024/08",142,Not Applicable,Not Applicable,Not Applicable
,"2024 (provisional)","2024","Sep., 2024 (provisional)","2024/09",121,Not Applicable,Not Applicable,Not Applicable
,"2024 (provisional)","2024","Oct., 2024 (provisional)","2024/10",127,Not Applicable,Not Applicable,Not Applicable
,"2024 (provisional)","2024","Nov., 2024 (provisional)","2024/11",102,Not Applicable,Not Applicable,Not Applicable
,"2024 (provisional)","2024","Dec., 2024 (provisional)","2024/12",105,Not Applicable,Not Applicable,Not Applicable
,"2025 (provisional and partial)","2025","Jan., 2025 (provisional and partial)","2025/01",124,Not Applicable,Not Applicable,Not Applicable
,"2025 (provisional and partial)","2025","Feb., 2025 (provisional and partial)","2025/02",113,Not Applicable,Not Applicable,Not Applicable
,"2025 (provisional and partial)","2025","Mar., 2025 (provisional and partial)","2025/03",135,Not Applicable,Not Applicable,Not Applicable
,"2025 (provisional and partial)","2025","Apr., 2025 (provisional and partial)","2025/04",133,Not Applicable,Not Applicable,Not Applicable
,"2025 (provisional and partial)","2025","May, 2025 (provisional and partial)","2025/05",135,Not Applicable,Not Applicable,Not Applicable
,"2025 (provisional and partial)","2025","Jun., 2025 (provisional and partial)","2025/06",121,Not Applicable,Not Applicable,Not Applicable
,"2025 (provisional and partial)","2025","Jul., 2025 (provisional and partial)","2025/07",120,Not Applicable,Not Applicable,Not Applicable
,"2025 (provisional and partial)","2025","Aug., 2025 (provisional and partial)","2025/08",33,Not Applicable,Not Applicable,Not Applicable
,"2025 (provisional and partial)","2025","Sep., 2025 (provisional and partial)","2025/09",0,Not Applicable,Not Applicable,Not Applicable
,"2025 (provisional and partial)","2025","Oct., 2025 (provisional and partial)","2025/10",0,Not Applicable,Not Applicable,Not Applicable
,"2025 (provisional and partial)","2025","Nov., 2025 (provisional and partial)","2025/11",0,Not Applicable,Not Applicable,Not Applicable
,"2025 (provisional and partial)","2025","Dec., 2025 (provisional and partial)","2025/12",0,Not Applicable,Not Applicable,Not Applicable
,"2026 (provisional and partial)","2026","Jan., 2026 (provisional and partial)","2026/01",0,Not Applicable,Not Applicable,Not Applicable
,"2026 (provisional and partial)","2026","Feb., 2026 (provisional and partial)","2026/02",0,Not Applicable,Not Applicable,Not Applicable
"---"
"Dataset: Provisional Mortality Statistics, 2018 through Last Week"
"Query Parameters:"
"Residence States: Illinois (17)"
"UCD - ICD-10 Codes: X60-X84 (Intentional self-harm); Y87.0 (Sequelae of intentional self-harm); Y87.1 (Sequelae of assault);"
"Y87.2 (Sequelae of events of undetermined intent)"
"Group By: Year; Month"
"Show Totals: False"
"Show Zero Values: True"
"Show Suppressed: True"
"Standard Population: 2000 U.S. Std. Population"
"Calculate Rates Per: 100,000"
"Rate Options: Default intercensal populations for years 2001-2009 (except Infant Age Groups)"
"---"
"Help: See http://wonder.cdc.gov/wonder/help/mcd-provisional.html for more information."
"---"
"Query Date: Feb 13, 2026 6:19:29 AM"
"---"
"Suggested Citation: Centers for Disease Control and Prevention, National Center for Health Statistics. National Vital Statistics"
"System, Provisional Mortality on CDC WONDER Online Database. Data are from the final Multiple Cause of Death Files, 2018-2023,"
"and from provisional data for years 2024 and later, as compiled from data provided by the 57 vital statistics jurisdictions"
"through the Vital Statistics Cooperative Program. Accessed at http://wonder.cdc.gov/mcd-icd10-provisional.html on Feb 13, 2026"
"6:19:29 AM"
"---"
Caveats:
"1. Population and rates are labeled 'Not Applicable' when location of Death's Occurrence, Autopsy, Place of Death, Weekday or"
"Month are grouped by or limited, due to lack of a valid population. More information:"
"http://wonder.cdc.gov/wonder/help/mcd-provisional.html#NotApplicableRates."
"2. Death rates are flagged as Unreliable when the rate is calculated with a numerator of 20 or less. More information:"
"http://wonder.cdc.gov/wonder/help/mcd-provisional.html#Unreliable."
"3. The populations used to calculate standard age-adjusted rates are documented here: More information:"
"http://wonder.cdc.gov/wonder/help/mcd-provisional.html#2000 Standard Population."
"4. The method used to calculate age-adjusted rates is documented here: More information:"
"http://wonder.cdc.gov/wonder/help/mcd-provisional.html#Age-Adjusted Rates."
"5. Deaths for persons of unknown age are included in counts and crude rates, but are not included in age-adjusted rates."
"6. After the creation of the final 2023 dataset, North Carolina updated the cause of death information for over 900 death"
"certificates to include a cause of death code indicating drug overdose (ICD-10 underlying cause-of-death codes: X40-X44,"
"X60-X64, X85, and Y10-Y14). Jurisdictions can continue to update death certificates after the closing of the mortality file. As"
"a result, users should consider that the actual death count for drug overdose deaths for North Carolina in 2023 is over 4,400"
"deaths, with a crude rate of approximately 41.0 per 100,000 population, and an age-adjusted rate of approximately 42.1 per"
"100,000 population. These deaths will not be updated on the final mortality datasets."
"7. Changes to cause of death classification affect reporting trends. More information:"
"http://wonder.cdc.gov/wonder/help/mcd-provisional.html#ICD-10 Changes."
"8. Deaths occurring through January 31, 2026 as of February 08, 2026."